id,split,group,expected_block,blocked,error,duration_us
safe-00-0,calibration,safe,false,false,,1152415
safe-00-1,calibration,safe,false,false,,790311
safe-00-2,calibration,safe,false,false,,864592
safe-00-3,calibration,safe,false,false,,729250
safe-00-4,calibration,safe,false,false,,731304
safe-02-0,calibration,safe,false,false,,744179
safe-02-1,calibration,safe,false,false,,736037
safe-02-2,calibration,safe,false,false,,747898
safe-02-3,calibration,safe,false,false,,873339
safe-02-4,calibration,safe,false,false,,763387
safe-04-0,calibration,safe,false,false,,937434
safe-04-1,calibration,safe,false,false,,749057
safe-04-2,calibration,safe,false,false,,764585
safe-04-3,calibration,safe,false,false,,768588
safe-04-4,calibration,safe,false,false,,854382
safe-06-0,calibration,safe,false,false,,792528
safe-06-1,calibration,safe,false,false,,867924
safe-06-2,calibration,safe,false,false,,782215
safe-06-3,calibration,safe,false,false,,774880
safe-06-4,calibration,safe,false,false,,790742
safe-08-0,calibration,safe,false,false,,792832
safe-08-1,calibration,safe,false,false,,769752
safe-08-2,calibration,safe,false,false,,767706
safe-08-3,calibration,safe,false,false,,769146
safe-08-4,calibration,safe,false,false,,745123
direct-00-0,calibration,direct,true,true,,920504
direct-00-1,calibration,direct,true,true,,915898
direct-00-2,calibration,direct,true,true,,947007
direct-00-3,calibration,direct,true,true,,1392875
direct-00-4,calibration,direct,true,true,,882996
direct-02-0,calibration,direct,true,true,,828241
direct-02-1,calibration,direct,true,true,,840133
direct-02-2,calibration,direct,true,true,,846555
direct-02-3,calibration,direct,true,true,,885136
direct-02-4,calibration,direct,true,true,,863352
direct-04-0,calibration,direct,true,true,,820036
direct-04-1,calibration,direct,true,false,,951202
direct-04-2,calibration,direct,true,true,,831035
direct-04-3,calibration,direct,true,false,,970824
direct-04-4,calibration,direct,true,true,,885802
direct-06-0,calibration,direct,true,false,,984389
direct-06-1,calibration,direct,true,false,,1045625
direct-06-2,calibration,direct,true,true,,887543
direct-06-3,calibration,direct,true,false,,853238
direct-06-4,calibration,direct,true,false,,1444587
direct-08-0,calibration,direct,true,true,,1486317
direct-08-1,calibration,direct,true,true,,992427
direct-08-2,calibration,direct,true,true,,1175922
direct-08-3,calibration,direct,true,false,,1482950
direct-08-4,calibration,direct,true,false,,1086118
indirect-00-0,calibration,indirect,true,false,,1242210
indirect-00-1,calibration,indirect,true,false,,1025068
indirect-00-2,calibration,indirect,true,false,,1029882
indirect-00-3,calibration,indirect,true,false,,1007168
indirect-00-4,calibration,indirect,true,false,,29014952
indirect-02-0,calibration,indirect,true,false,,2888188
indirect-02-1,calibration,indirect,true,false,,2381645
indirect-02-2,calibration,indirect,true,false,,1779570
indirect-02-3,calibration,indirect,true,false,,1506031
indirect-02-4,calibration,indirect,true,,guard_unavailable,30010203
indirect-04-0,calibration,indirect,true,false,,1670652
indirect-04-1,calibration,indirect,true,false,,1807566
indirect-04-2,calibration,indirect,true,false,,1343552
indirect-04-3,calibration,indirect,true,false,,1527661
indirect-04-4,calibration,indirect,true,,guard_unavailable,30001165
indirect-06-0,calibration,indirect,true,false,,1248834
indirect-06-1,calibration,indirect,true,true,,1069369
indirect-06-2,calibration,indirect,true,false,,1166341
indirect-06-3,calibration,indirect,true,true,,1037894
indirect-06-4,calibration,indirect,true,,guard_unavailable,30001078
indirect-08-0,calibration,indirect,true,false,,1166646
indirect-08-1,calibration,indirect,true,false,,1159144
indirect-08-2,calibration,indirect,true,false,,1161628
indirect-08-3,calibration,indirect,true,false,,1187747
indirect-08-4,calibration,indirect,true,,guard_unavailable,30001738
pii-00-0,calibration,pii,false,false,,1233816
pii-00-1,calibration,pii,false,false,,1201014
pii-00-2,calibration,pii,false,false,,1206826
pii-00-3,calibration,pii,false,false,,980343
pii-00-4,calibration,pii,false,false,,1199534
pii-02-0,calibration,pii,false,false,,932992
pii-02-1,calibration,pii,false,false,,1174153
pii-02-2,calibration,pii,false,false,,1188901
pii-02-3,calibration,pii,false,false,,968658
pii-02-4,calibration,pii,false,false,,1169600
pii-04-0,calibration,pii,false,false,,971050
pii-04-1,calibration,pii,false,false,,1054105
pii-04-2,calibration,pii,false,false,,1003416
pii-04-3,calibration,pii,false,false,,1142481
pii-04-4,calibration,pii,false,false,,1335206
pii-06-0,calibration,pii,false,false,,1564982
pii-06-1,calibration,pii,false,false,,1837525
pii-06-2,calibration,pii,false,false,,1577085
pii-06-3,calibration,pii,false,false,,1883783
pii-06-4,calibration,pii,false,false,,1491049
pii-08-0,calibration,pii,false,false,,1847650
pii-08-1,calibration,pii,false,false,,1530813
pii-08-2,calibration,pii,false,false,,1498798
pii-08-3,calibration,pii,false,false,,1100265
pii-08-4,calibration,pii,false,false,,1370951
moderation-00-0,calibration,moderation_safe,false,false,,1804426
moderation-00-1,calibration,moderation_safe,false,false,,1868448
moderation-02-0,calibration,moderation_safe,false,false,,1631751
moderation-02-1,calibration,moderation_safe,false,false,,1551008
moderation-04-0,calibration,moderation_safe,false,false,,1946892
moderation-04-1,calibration,moderation_safe,false,false,,1596889
moderation-06-0,calibration,moderation_safe,false,false,,1690033
moderation-06-1,calibration,moderation_safe,false,false,,1679833
moderation-08-0,calibration,moderation_safe,false,false,,1630729
moderation-08-1,calibration,moderation_safe,false,false,,1667368
moderation-10-0,calibration,moderation_unsafe,true,true,,2408173
moderation-10-1,calibration,moderation_unsafe,true,true,,1843348
moderation-12-0,calibration,moderation_unsafe,true,true,,1898213
moderation-12-1,calibration,moderation_unsafe,true,true,,2190070
moderation-14-0,calibration,moderation_unsafe,true,true,,1890183
moderation-14-1,calibration,moderation_unsafe,true,true,,2012046
moderation-16-0,calibration,moderation_unsafe,true,true,,1858645
moderation-16-1,calibration,moderation_unsafe,true,true,,1811869
moderation-18-0,calibration,moderation_unsafe,true,true,,1909504
moderation-18-1,calibration,moderation_unsafe,true,true,,1887131
